level,trajectory,point,fraction,start,wall_s,outer_iterations,dcz_iterations,converged,valid,error,max_dcz_scaled_residual,max_coupling_residual,phz_ftrz_handover_valid,ftrz_dcz_handover_valid,phz_ftrz_temperature_step_K,phz_ftrz_hexane_step,coupling_solid_T_K,coupling_vapor_T_K,coupling_vapor_hexane_fraction,coupling_vapor_water_flow_kg_s,coupling_vapor_hexane_flow_kg_s,coupling_ftrz_length_m,ftrz_geometry_error_m,total_geometry_error_m,meal_temperature_C,meal_moisture,meal_hexane_ppm,dome_temperature_C
screening,throughput_ramp,4,1.0,cold,2.9322800999980245,22,5,True,True,,0.9159220476706587,0.0894672151011946,True,True,0.06673162949755351,0.04556727522410936,0.0894672151011946,0.002576761178374909,0.00830849855451643,0.018883249066240393,0.001569746014174589,0.00014269809622552768,0.0,0.0,111.69539292135568,0.2414697039044441,836.2864923681692,63.9050673428431
realtime,throughput_ramp,4,1.0,cold,13.088388500000292,57,2,True,True,,0.398447536365254,0.040026453993107225,True,True,0.026692651799123723,0.0181280887737697,0.018261831953395813,0.040026453993107225,0.01270666138075316,0.01667776387041206,0.0020394134954647702,0.0003455346173131396,0.0,0.0,111.72672293922051,0.24962237016676928,491.0231528071103,66.81132293781258
reference,throughput_ramp,4,1.0,cold,29.567768900000374,263,2,True,True,,0.4743960500094291,0.0097340415150029,True,True,0.016682907373706257,0.011256899032656809,0.006295366636265953,0.0097340415150029,0.0005806222591977495,0.0006702158797065871,0.0001969931400496172,7.424621789009489e-05,0.0,0.0,111.72291269594189,0.2514334801025595,715.7156882291349,67.88169507283573
