level,trajectory,point,fraction,start,wall_s,outer_iterations,dcz_iterations,converged,valid,error,max_dcz_scaled_residual,max_coupling_residual,phz_ftrz_handover_valid,ftrz_dcz_handover_valid,phz_ftrz_temperature_step_K,phz_ftrz_hexane_step,coupling_solid_T_K,coupling_vapor_T_K,coupling_vapor_hexane_fraction,coupling_vapor_water_flow_kg_s,coupling_vapor_hexane_flow_kg_s,coupling_ftrz_length_m,ftrz_geometry_error_m,total_geometry_error_m,meal_temperature_C,meal_moisture,meal_hexane_ppm,dome_temperature_C
realtime,throughput_ramp,0,0.0,cold,4.945449799997732,17,2,True,True,,0.8384544466544241,0.04700064919198477,True,True,0.0,0.010157175410693692,0.04584553157519622,0.0004183774283319508,0.0034512754045721017,0.04700064919198477,0.00044143265538632015,4.3763256359075076e-06,0.0,0.0,111.73047786260179,0.24404532142146618,247.14177765678315,85.40429496594379
realtime,throughput_ramp,1,0.25,warm,4.637890499998321,13,2,True,True,,0.9330933921014584,0.04077178647804658,True,True,0.0,0.013271099330476044,0.04077178647804658,0.0,0.0032060918841966823,0.027505336037243477,0.00043338777872570233,8.268255438721034e-06,0.0,4.440892098500626e-16,111.73022844831434,0.2451539101323415,263.1752017401237,80.37711229985246
realtime,throughput_ramp,2,0.5,warm,5.30471899999975,16,11,True,True,,0.9946652626302566,0.0426786451814678,True,True,0.0,0.015513126903232699,0.0426786451814678,0.0,0.0034335155177359633,0.01757413737707547,0.00036353311805625843,1.8161797166108343e-05,0.0,4.440892098500626e-16,111.72989250802016,0.24701799485347814,285.22674914187405,72.9354620346669
realtime,throughput_ramp,3,0.75,warm,4.035672599999089,17,2,True,True,,0.9860856704091425,0.044185644956087344,True,True,0.0,0.017204481037075225,0.044185644956087344,0.0,0.0034881919066923617,0.009866972351670888,0.0005772165321966671,1.736443751086149e-05,0.0,0.0,111.72935976282076,0.24924238039579313,318.95782121586706,61.91001147067669
realtime,throughput_ramp,4,1.0,warm,10.09668370000145,32,3,True,True,,0.9210822786751005,0.04215163726667015,True,True,0.026692651799123723,0.018158056272351675,0.04215163726667015,0.017495588866836442,0.0031373976142322624,0.0042272816813505865,0.0008618273174396673,0.00014791790442697517,0.0,0.0,111.7274331476745,0.2494436469224854,442.681009893806,66.55907946345695
