level,trajectory,point,fraction,start,wall_s,outer_iterations,dcz_iterations,converged,valid,error,max_dcz_scaled_residual,max_coupling_residual,phz_ftrz_handover_valid,ftrz_dcz_handover_valid,phz_ftrz_temperature_step_K,phz_ftrz_hexane_step,coupling_solid_T_K,coupling_vapor_T_K,coupling_vapor_hexane_fraction,coupling_vapor_water_flow_kg_s,coupling_vapor_hexane_flow_kg_s,coupling_ftrz_length_m,ftrz_geometry_error_m,total_geometry_error_m,meal_temperature_C,meal_moisture,meal_hexane_ppm,dome_temperature_C
screening,throughput_ramp,0,0.0,cold,0.9835727999998198,16,2,True,True,,0.9929390260410287,0.0984201553850994,True,True,0.0,0.025392947821000073,0.0984201553850994,0.000894826633896173,0.004217014070486469,0.05891935025395734,0.0007570923587691403,4.925372595823794e-06,0.0,0.0,111.72713648225891,0.24076240299595603,556.9305627971951,85.87862007348753
screening,throughput_ramp,1,0.25,warm,1.605473700001312,11,15,True,True,,0.9970797134961629,0.09631981203796158,True,True,0.0,0.03317774832618581,0.09631981203796158,0.0,0.005879250601387054,0.05315860841719444,0.0008356868195114053,1.2771303825309492e-05,0.0,0.0,111.72671109401477,0.24100044484287167,591.9913457021742,81.22838350479356
screening,throughput_ramp,2,0.5,warm,1.7199477000031038,13,10,True,True,,0.9981922329926896,0.09395345875623207,True,True,0.0,0.03878281725808386,0.09395345875623207,0.0,0.005837466835018068,0.032510466082527056,0.0009697644607015166,3.099203471905194e-05,0.0,0.0,111.72612129852837,0.2420139913507263,641.3087870269975,74.71212642739891
screening,throughput_ramp,3,0.75,warm,1.0316531000025861,14,3,True,True,,0.6112104882882718,0.08590654574459222,True,True,0.0,0.04301120259268432,0.08590654574459222,0.0,0.006042643262175962,0.020844935979185353,0.0010757105997997174,2.884916145529104e-05,0.0,0.0,111.72526677721106,0.24316258351530115,712.6363294772183,64.89344730502285
screening,throughput_ramp,4,1.0,warm,1.208199099997728,17,3,True,True,,0.8954120964782541,0.09344586965789858,True,True,0.06673162949755351,0.04556156194076394,0.09344586965789858,0.01941609238951969,0.007232619398310658,0.015235216058874346,0.0013865591550996648,0.00015238282301723374,0.0,0.0,111.69413778470118,0.24222284176144207,874.7009954891879,64.34154386155979
